<rss xmlns:atom="http://www.w3.org/2005/Atom" version="2.0">
    <channel>
        <title>Viper的博客</title>
        <link>https://www.viper.pub/</link>
        <description>Welcome to viper&#39;s blog.</description>
        <generator>Hugo -- gohugo.io</generator><language>zh-CN</language><managingEditor>root@viper.run (abyssviper)</managingEditor>
            <webMaster>root@viper.run (abyssviper)</webMaster><lastBuildDate>Tue, 10 Dec 2019 22:40:42 &#43;0800</lastBuildDate>
            <atom:link href="https://www.viper.pub/index.xml" rel="self" type="application/rss+xml" />
        <item>
    <title>Kubernetes 二进制部署 Part4</title>
    <link>https://www.viper.pub/k8s-install-hardway-4/</link>
    <pubDate>Tue, 10 Dec 2019 22:40:42 &#43;0800</pubDate>
    <author>作者</author>
    <guid>https://www.viper.pub/k8s-install-hardway-4/</guid>
    <description><![CDATA[<div class="featured-image">
                <img src="https://gitee.com/AbyssViper/pic/raw/master/images/k8s-install-hardway/featuredImage4.png" referrerpolicy="no-referrer">
            </div>前言 系列目录 二进制部署Kubernetes Part1 二进制部署Kubernetes Part2 二进制部署Kubernetes Part3 二进制部署Kubernetes P]]></description>
</item><item>
    <title>Kubernetes 二进制部署 Part3</title>
    <link>https://www.viper.pub/k8s-install-hardway-3/</link>
    <pubDate>Tue, 10 Dec 2019 06:51:03 &#43;0800</pubDate>
    <author>作者</author>
    <guid>https://www.viper.pub/k8s-install-hardway-3/</guid>
    <description><![CDATA[<div class="featured-image">
                <img src="https://gitee.com/AbyssViper/pic/raw/master/images/k8s-install-hardway/featuredImage3.png" referrerpolicy="no-referrer">
            </div>前言 系列目录 二进制部署Kubernetes Part1 二进制部署Kubernetes Part2 二进制部署Kubernetes Part3(本篇) 二进制部署Kub]]></description>
</item><item>
    <title>Kubernetes 二进制部署 Part2</title>
    <link>https://www.viper.pub/k8s-install-hardway-2/</link>
    <pubDate>Mon, 09 Dec 2019 01:23:13 &#43;0800</pubDate>
    <author>作者</author>
    <guid>https://www.viper.pub/k8s-install-hardway-2/</guid>
    <description><![CDATA[<div class="featured-image">
                <img src="https://gitee.com/AbyssViper/pic/raw/master/images/k8s-install-hardway/featuredImage2.jpg" referrerpolicy="no-referrer">
            </div>前言 系列目录 二进制部署Kubernetes Part1 二进制部署Kubernetes Part2(本篇) 二进制部署Kubernetes Part3 二进制部署Kub]]></description>
</item><item>
    <title>Kubernetes 二进制部署 Part1</title>
    <link>https://www.viper.pub/k8s-install-hardway-1/</link>
    <pubDate>Mon, 09 Dec 2019 00:50:59 &#43;0800</pubDate>
    <author>作者</author>
    <guid>https://www.viper.pub/k8s-install-hardway-1/</guid>
    <description><![CDATA[<div class="featured-image">
                <img src="https://gitee.com/AbyssViper/pic/raw/master/images/k8s-install-hardway/featuredImage.jpg" referrerpolicy="no-referrer">
            </div>前言 参考地址 本次安装完全参照于 follow-me-install-kubernetes-cluster 项目 对于源项目操作进行了部分扩展的解释与优化 版本信息 当前版本基于 v1.16.x 版本 系列目录 二进制部署Kubernetes]]></description>
</item><item>
    <title>Softether-VPN 拆分隧道</title>
    <link>https://www.viper.pub/softether-vpn-split-tunnel/</link>
    <pubDate>Fri, 09 Aug 2019 16:29:34 &#43;0800</pubDate>
    <author>作者</author>
    <guid>https://www.viper.pub/softether-vpn-split-tunnel/</guid>
    <description><![CDATA[<div class="featured-image">
                <img src="https://i.loli.net/2020/03/03/weFP3ndUgQzAEmb.jpg" referrerpolicy="no-referrer">
            </div>SoftEther VPN 简介 SoftEther VPN介绍移步此处 需求来源 远程网关与本地网关 对于VPN来说，存在远程网关与本地网关的概念，以下图以SoftEther VPN 的 SecureNAT 配置为例]]></description>
</item></channel>
</rss>
