<rss xmlns:atom="http://www.w3.org/2005/Atom" version="2.0">
    <channel>
        <title>网络 - 标签 - Viper的博客</title>
        <link>https://www.viper.pub/tags/%E7%BD%91%E7%BB%9C/</link>
        <description>网络 - 标签 - Viper的博客</description>
        <generator>Hugo -- gohugo.io</generator><language>zh-CN</language><managingEditor>root@viper.run (abyssviper)</managingEditor>
            <webMaster>root@viper.run (abyssviper)</webMaster><lastBuildDate>Fri, 09 Aug 2019 16:29:34 &#43;0800</lastBuildDate><atom:link href="https://www.viper.pub/tags/%E7%BD%91%E7%BB%9C/" rel="self" type="application/rss+xml" /><item>
    <title>Softether-VPN 拆分隧道</title>
    <link>https://www.viper.pub/softether-vpn-split-tunnel/</link>
    <pubDate>Fri, 09 Aug 2019 16:29:34 &#43;0800</pubDate>
    <author>作者</author>
    <guid>https://www.viper.pub/softether-vpn-split-tunnel/</guid>
    <description><![CDATA[<div class="featured-image">
                <img src="https://i.loli.net/2020/03/03/weFP3ndUgQzAEmb.jpg" referrerpolicy="no-referrer">
            </div>SoftEther VPN 简介 SoftEther VPN介绍移步此处 需求来源 远程网关与本地网关 对于VPN来说，存在远程网关与本地网关的概念，以下图以SoftEther VPN 的 SecureNAT 配置为例]]></description>
</item></channel>
</rss>
